scenario,fleet_size,method,method_label,runs,collision_notifications,restricted_time_mean_s,restricted_time_sd_s,restricted_time_ci95_low_s,restricted_time_ci95_high_s,completed_maneuvers,planned_maneuvers,fleet_successes,collision_runs,proximity_lt_3m_runs,proximity_lt_5m_runs,proximity_lt_7m_runs,fleet_successes_ci95_low,fleet_successes_ci95_high,collision_runs_ci95_low,collision_runs_ci95_high,proximity_lt_3m_runs_ci95_low,proximity_lt_3m_runs_ci95_high,proximity_lt_5m_runs_ci95_low,proximity_lt_5m_runs_ci95_high,proximity_lt_7m_runs_ci95_low,proximity_lt_7m_runs_ci95_high
close_reciprocal,8,FCFS_GAP,FCFS-GAP,21,0,28.09523851388977,0.9697815313278374,27.714286127260753,28.500000424683094,168,168,21,0,0,0,17,0.8453609810751531,1.0,0.0,0.154639018924847,0.0,0.154639018924847,0.0,0.154639018924847,0.5999943530979508,0.9233243494723822
close_reciprocal,8,MAPPO_ADAPTED,MAPPO (adapted),21,2,58.28571430274418,7.855843970454926,54.857142908232554,60.0,98,168,1,1,0,1,3,0.008455987809826399,0.22669360074122563,0.008455987809826399,0.22669360074122563,0.0,0.154639018924847,0.008455987809826399,0.22669360074122563,0.04981012499725268,0.34636060280620945
close_reciprocal,8,MIND_CAV_DETERMINISTIC,MIND-CAV deterministic,21,0,18.21428598569972,3.7201191011483186,16.78571453584092,19.857738391141446,168,168,21,0,0,0,0,0.8453609810751531,1.0,0.0,0.154639018924847,0.0,0.154639018924847,0.0,0.154639018924847,0.0,0.154639018924847
close_reciprocal,8,MIND_CAV_LEARNED,MIND-CAV learned,21,0,18.21428598569972,3.7201191011483186,16.761905011676607,19.857143153037345,168,168,21,0,0,0,0,0.8453609810751531,1.0,0.0,0.154639018924847,0.0,0.154639018924847,0.0,0.154639018924847,0.0,0.154639018924847
contested_merge,8,FCFS_GAP,FCFS-GAP,21,0,48.38095267613729,11.62422525101561,43.500000392752035,53.19107162406934,168,168,11,0,0,10,19,0.3236953458284443,0.7165599389846583,0.0,0.154639018924847,0.0,0.154639018924847,0.2834400610153417,0.6763046541715557,0.7108586092608176,0.9734812325619255
contested_merge,8,MAPPO_ADAPTED,MAPPO (adapted),21,0,60.0,0.0,60.0,60.0,76,168,0,0,0,1,5,0.0,0.154639018924847,0.0,0.154639018924847,0.0,0.154639018924847,0.008455987809826399,0.22669360074122563,0.10628013022636468,0.4509117368295075
contested_merge,8,MIND_CAV_DETERMINISTIC,MIND-CAV deterministic,21,0,31.3333336299374,14.925928102493165,25.619047957162064,38.04761927397478,163,168,17,0,0,1,2,0.5999943530979508,0.9233243494723822,0.0,0.154639018924847,0.0,0.154639018924847,0.008455987809826399,0.22669360074122563,0.02651876743807452,0.2891413907391826
contested_merge,8,MIND_CAV_LEARNED,MIND-CAV learned,21,0,31.90476220988092,14.735687042487248,26.0952384415127,38.54761928142536,163,168,17,0,0,1,2,0.5999943530979508,0.9233243494723822,0.0,0.154639018924847,0.0,0.154639018924847,0.008455987809826399,0.22669360074122563,0.02651876743807452,0.2891413907391826
blocked_merge,8,FCFS_GAP,FCFS-GAP,21,0,46.07142887477364,17.91527675517767,38.18988114147491,53.071428808782784,79,84,12,0,0,4,21,0.3654655436930671,0.7553003107462404,0.0,0.154639018924847,0.0,0.154639018924847,0.07667565052761793,0.40000564690204926,0.8453609810751531,1.0
blocked_merge,8,MAPPO_ADAPTED,MAPPO (adapted),21,12,60.0,0.0,60.0,60.0,41,84,0,5,0,9,10,0.0,0.154639018924847,0.10628013022636468,0.4509117368295075,0.0,0.154639018924847,0.2446996892537596,0.6345344563069328,0.2834400610153417,0.6763046541715557
blocked_merge,8,MIND_CAV_DETERMINISTIC,MIND-CAV deterministic,21,0,13.119047814536662,1.3124858471454448,12.571428758757454,13.66666687031587,84,84,21,0,0,0,0,0.8453609810751531,1.0,0.0,0.154639018924847,0.0,0.154639018924847,0.0,0.154639018924847,0.0,0.154639018924847
blocked_merge,8,MIND_CAV_LEARNED,MIND-CAV learned,21,0,13.119047814536662,1.3124858471454448,12.571428758757454,13.66666687031587,84,84,21,0,0,0,0,0.8453609810751531,1.0,0.0,0.154639018924847,0.0,0.154639018924847,0.0,0.154639018924847,0.0,0.154639018924847
ALL,8,FCFS_GAP,FCFS-GAP,63,0,40.8492066882669,15.19779124256204,37.77757968746185,43.76190508831115,415,420,44,0,0,14,57,0.5763962768644041,0.7976230883781149,3.469446951953614e-18,0.05747119958885172,3.469446951953614e-18,0.05747119958885172,0.13725007752613644,0.3391228111343367,0.8073829893716311,0.955616515723108
ALL,8,MAPPO_ADAPTED,MAPPO (adapted),63,14,59.42857143424806,4.53557363105385,58.28571430274418,60.0,215,420,1,6,0,11,18,0.002807494213869277,0.08458525459438397,0.04438348427689201,0.19261701062836892,3.469446951953614e-18,0.05747119958885172,0.1003939657946789,0.2862142752075897,0.18903191986400805,0.40702716567407127
ALL,8,MIND_CAV_DETERMINISTIC,MIND-CAV deterministic,63,0,20.88888914339126,11.692099755593148,18.84920663008141,23.12698437261676,415,420,59,0,0,1,2,0.8478082215469362,0.9750343819866059,3.469446951953614e-18,0.05747119958885172,3.469446951953614e-18,0.05747119958885172,0.002807494213869277,0.08458525459438397,0.008749527561580449,0.10856477046607432
ALL,8,MIND_CAV_LEARNED,MIND-CAV learned,63,0,21.079365336705767,11.789896681440503,19.103174873642505,23.26984150305627,415,420,59,0,0,1,2,0.8478082215469362,0.9750343819866059,3.469446951953614e-18,0.05747119958885172,3.469446951953614e-18,0.05747119958885172,0.002807494213869277,0.08458525459438397,0.008749527561580449,0.10856477046607432
