scenario_family,fleet_size,method,episodes,fleet_completion_rate,terminal_done_command_fraction,accepted_command_fraction,restricted_completion_time_mean_s,collision_episode_rate,collision_event_count,timeout_episode_count,retry_limit_episode_count,deadlock_episode_count,corridor_departure_episode_count,corridor_departure_episode_rate,gap_violation_episode_rate_5m,gap_violation_sample_count_5m,decision_ack_count,decision_plan_count,decision_nack_count,transaction_audit_completeness
blocked_merge,2,FCFS_GAP,21,1.0,1.0,1.0,8.71428584413869,0.0,0,0,0,0,0,0.0,0.0,0,0,0,0,
blocked_merge,2,MAPPO_ADAPTED,21,0.0,0.0,0.0,60.0,0.0,0,21,0,0,0,0.0,0.0,0,0,0,0,
blocked_merge,2,MIND_CAV_DETERMINISTIC,21,1.0,1.0,1.0,7.000000104308128,0.0,0,0,0,0,0,0.0,0.0,0,0,0,0,1.0
blocked_merge,2,MIND_CAV_LEARNED,21,1.0,1.0,1.0,7.000000104308128,0.0,0,0,0,0,0,0.0,0.0,0,0,0,0,1.0
blocked_merge,4,FCFS_GAP,21,0.7142857142857143,0.8095238095238095,0.8809523809523809,26.642857284418174,0.0,0,6,0,0,0,0.0,0.0,0,0,0,0,
blocked_merge,4,MAPPO_ADAPTED,21,0.0,0.38095238095238093,0.40476190476190477,60.0,0.0,0,21,0,0,0,0.0,0.0,0,0,0,0,
blocked_merge,4,MIND_CAV_DETERMINISTIC,21,1.0,1.0,1.0,12.047619227142562,0.0,0,0,0,0,0,0.0,0.0,0,0,0,0,1.0
blocked_merge,4,MIND_CAV_LEARNED,21,1.0,1.0,1.0,12.047619227142562,0.0,0,0,0,0,0,0.0,0.0,0,0,0,0,1.0
blocked_merge,8,FCFS_GAP,21,0.5714285714285714,0.9404761904761905,0.9404761904761905,46.07142887477364,0.0,0,5,0,0,0,0.0,0.19047619047619047,12,0,0,0,
blocked_merge,8,MAPPO_ADAPTED,21,0.0,0.4880952380952381,1.0,60.0,0.23809523809523808,12,12,0,0,4,0.19047619047619047,0.42857142857142855,27,0,0,0,
blocked_merge,8,MIND_CAV_DETERMINISTIC,21,1.0,1.0,1.0,13.928571636123317,0.0,0,0,0,0,0,0.0,0.0,0,0,0,0,1.0
blocked_merge,8,MIND_CAV_LEARNED,21,1.0,1.0,1.0,13.928571636123317,0.0,0,0,0,0,0,0.0,0.0,0,0,0,0,1.0
close_reciprocal,2,FCFS_GAP,21,1.0,1.0,1.0,19.14285742810794,0.0,0,0,0,0,0,0.0,0.0,0,0,0,0,
close_reciprocal,2,MAPPO_ADAPTED,21,0.7619047619047619,0.8809523809523809,1.0,23.119047750674543,0.0,0,5,0,0,0,0.0,0.0,0,0,0,0,
close_reciprocal,2,MIND_CAV_DETERMINISTIC,21,1.0,1.0,1.0,8.166666788359484,0.0,0,0,0,0,0,0.0,0.0,0,0,0,0,1.0
close_reciprocal,2,MIND_CAV_LEARNED,21,1.0,1.0,1.0,8.166666788359484,0.0,0,0,0,0,0,0.0,0.0,0,0,0,0,1.0
close_reciprocal,4,FCFS_GAP,21,1.0,1.0,1.0,11.952381130485307,0.0,0,0,0,0,0,0.0,0.0,0,0,0,0,
close_reciprocal,4,MAPPO_ADAPTED,21,0.0,0.34523809523809523,0.5,60.0,0.0,0,21,0,0,0,0.0,0.0,0,0,0,0,
close_reciprocal,4,MIND_CAV_DETERMINISTIC,21,1.0,1.0,1.0,8.523809650824184,0.0,0,0,0,0,0,0.0,0.0,0,0,0,0,1.0
close_reciprocal,4,MIND_CAV_LEARNED,21,1.0,1.0,1.0,8.523809650824184,0.0,0,0,0,0,0,0.0,0.0,0,0,0,0,1.0
close_reciprocal,8,FCFS_GAP,21,1.0,1.0,1.0,28.09523851388977,0.0,0,0,0,0,0,0.0,0.0,0,0,0,0,
close_reciprocal,8,MAPPO_ADAPTED,21,0.0,0.5773809523809523,0.875,60.0,0.047619047619047616,4,20,0,0,0,0.0,0.047619047619047616,1,0,0,0,
close_reciprocal,8,MIND_CAV_DETERMINISTIC,21,0.8095238095238095,0.9642857142857143,0.9880952380952381,29.28571455180645,0.047619047619047616,4,0,0,0,0,0.0,0.19047619047619047,7,0,0,0,1.0
close_reciprocal,8,MIND_CAV_LEARNED,21,0.8095238095238095,0.9642857142857143,0.9880952380952381,29.28571455180645,0.047619047619047616,4,0,0,0,0,0.0,0.19047619047619047,7,0,0,0,1.0
contested_merge,2,FCFS_GAP,21,1.0,1.0,1.0,8.42857155416693,0.0,0,0,0,0,0,0.0,0.0,0,0,0,0,
contested_merge,2,MAPPO_ADAPTED,21,1.0,1.0,1.0,8.666666795810064,0.0,0,0,0,0,0,0.0,0.0,0,0,0,0,
contested_merge,2,MIND_CAV_DETERMINISTIC,21,1.0,1.0,1.0,10.928571591419834,0.0,0,0,0,0,0,0.0,0.0,0,0,0,0,1.0
contested_merge,2,MIND_CAV_LEARNED,21,1.0,1.0,1.0,10.928571591419834,0.0,0,0,0,0,0,0.0,0.0,0,0,0,0,1.0
contested_merge,4,FCFS_GAP,21,1.0,1.0,1.0,17.452381212441693,0.0,0,0,0,0,0,0.0,0.0,0,0,0,0,
contested_merge,4,MAPPO_ADAPTED,21,0.2857142857142857,0.7619047619047619,0.8452380952380952,50.21428582391569,0.0,0,15,0,0,0,0.0,0.0,0,0,0,0,
contested_merge,4,MIND_CAV_DETERMINISTIC,21,1.0,1.0,1.0,12.476190662100201,0.0,0,0,0,0,0,0.0,0.0,0,0,0,0,1.0
contested_merge,4,MIND_CAV_LEARNED,21,1.0,1.0,1.0,12.238095420457068,0.0,0,0,0,0,0,0.0,0.0,0,0,0,0,1.0
contested_merge,8,FCFS_GAP,21,0.5238095238095238,1.0,1.0,48.38095267613729,0.0,0,0,0,0,0,0.0,0.47619047619047616,23,0,0,0,
contested_merge,8,MAPPO_ADAPTED,21,0.0,0.44642857142857145,0.9166666666666666,60.0,0.0,0,21,0,0,0,0.0,0.047619047619047616,1,0,0,0,
contested_merge,8,MIND_CAV_DETERMINISTIC,21,0.7142857142857143,0.9285714285714286,0.9464285714285714,39.761905098954834,0.0,0,2,0,0,3,0.14285714285714285,0.09523809523809523,5,0,0,0,1.0
contested_merge,8,MIND_CAV_LEARNED,21,0.7142857142857143,0.9464285714285714,0.9642857142857143,39.66666700229759,0.0,0,3,0,0,2,0.09523809523809523,0.09523809523809523,5,0,0,0,1.0
